Name,Date,Mail,Text1,Text2
Zeus A. Snow,"May 27th, 2021",Donec.luctus@eusemPellentesque.ca,"venenatis vel,","at, egestas a,"
Kamal H. Barker,"March 24th, 2021",ipsum.primis@aenim.co.uk,ullamcorper magna. Sed eu,massa rutrum magna. Cras
Kasper X. Beach,"November 2nd, 2020",convallis@auctorodioa.edu,mauris sit amet lorem semper auctor. Mauris vel,scelerisque neque sed sem egestas
Thomas U. Johnson,"March 8th, 2021",Nulla.tempor@Quisqueimperdieterat.edu,Morbi quis urna. Nunc quis,"ullamcorper viverra. Maecenas iaculis aliquet diam. Sed diam lorem, auctor"
Hillary B. Chapman,"April 25th, 2021",commodo.hendrerit.Donec@ametmassa.net,enim. Etiam imperdiet dictum magna. Ut tincidunt orci quis lectus.,"ut erat. Sed nunc est,"
Sawyer Y. Osborne,"August 6th, 2020",rutrum.justo@urnaUttincidunt.edu,sociis,"et, eros. Proin ultrices."
Molly Z. Alford,"December 14th, 2021",Nunc.commodo@ametrisusDonec.org,nec quam. Curabitur,"elit, dictum"
Yuri F. Walters,"February 10th, 2021",ligula.Aenean@vitaepurusgravida.org,ligula. Aliquam erat volutpat. Nulla dignissim. Maecenas,"adipiscing. Mauris molestie pharetra nibh. Aliquam ornare, libero at"
Carl R. Burton,"June 18th, 2021",dignissim.lacus.Aliquam@fermentum.org,"nonummy ac, feugiat",ligula. Aenean gravida nunc sed pede. Cum sociis
Zachery X. Lucas,"April 16th, 2021",Nullam.enim@nuncullamcorpereu.com,"non,",Proin vel
Avye S. Neal,"March 31st, 2021",Maecenas.libero.est@Vivamusnonlorem.com,"a, aliquet vel, vulputate eu,",Duis volutpat nunc sit amet metus. Aliquam erat
Walter I. Gregory,"July 14th, 2020",Nullam.ut.nisi@blanditmattisCras.edu,"magna, malesuada vel, convallis in, cursus et,","auctor, velit eget laoreet posuere,"
Bradley E. Shannon,"December 14th, 2021",fringilla.Donec@velitSedmalesuada.com,"id, mollis nec, cursus a, enim. Suspendisse aliquet,","pharetra, felis eget varius ultrices, mauris ipsum porta elit,"
Valentine D. Owen,"May 11th, 2022",tortor@enim.org,est arcu ac orci. Ut semper pretium,ligula. Aenean euismod mauris eu elit. Nulla facilisi. Sed neque.
Joy P. Clarke,"September 28th, 2020",odio@estNunclaoreet.com,"in, dolor. Fusce feugiat. Lorem ipsum","lacus, varius et, euismod et,"
Uriah Z. Castillo,"April 30th, 2022",consectetuer.cursus.et@vehicula.com,lacus. Etiam bibendum fermentum metus. Aenean sed pede,"faucibus ut, nulla. Cras"
Uta N. Powers,"May 17th, 2021",a.tortor.Nunc@parturientmontes.org,"lacinia. Sed congue, elit",Sed eu nibh vulputate mauris sagittis placerat. Cras dictum ultricies
Maryam Y. Pope,"November 16th, 2020",Maecenas.libero.est@lectusquismassa.edu,"diam. Duis mi enim, condimentum eget, volutpat ornare, facilisis eget,",malesuada fames ac turpis egestas. Aliquam fringilla cursus purus.
Ishmael C. Erickson,"March 10th, 2021",cursus.diam@penatibus.edu,"pellentesque a, facilisis non, bibendum sed, est. Nunc",Pellentesque habitant morbi tristique senectus et netus et malesuada
Eleanor U. Ayers,"June 29th, 2020",orci@feugiatnon.edu,diam vel arcu. Curabitur ut,"luctus ut,"
Merrill E. Dawson,"December 14th, 2021",fermentum.risus@nonnisiAenean.org,"lobortis quis, pede. Suspendisse dui. Fusce diam nunc, ullamcorper",non dui nec urna suscipit nonummy.
Zephr N. Holloway,"June 7th, 2021",vel.pede@auctorvelitAliquam.net,"parturient montes, nascetur",nunc
Wade X. Aguilar,"November 24th, 2020",arcu.Vestibulum.ante@quamelementumat.net,in consequat enim,egestas. Aliquam fringilla cursus purus. Nullam scelerisque neque
Lucy Z. Patterson,"May 17th, 2022",magna.a@Nam.edu,Aenean egestas,tincidunt adipiscing. Mauris molestie pharetra
Irene D. Strickland,"October 7th, 2020",Vivamus.molestie@Suspendissealiquetmolestie.net,"pede sagittis augue, eu tempor erat neque non quam.",convallis
David D. Ramsey,"July 14th, 2020",lorem.fringilla.ornare@mauris.co.uk,egestas lacinia. Sed,"lacus. Quisque purus sapien,"
Iona H. Roach,"December 26th, 2021",molestie.tortor@Phasellusornare.org,faucibus.,eu
Vincent D. Hatfield,"April 14th, 2021",a.mi@et.com,"non, cursus non,","lorem, vehicula et, rutrum eu, ultrices sit amet,"
Dominic A. Raymond,"July 15th, 2020",dui.semper@ultriciesligula.net,vulputate ullamcorper magna. Sed eu eros.,sed sem egestas blandit.
Kathleen E. Gallegos,"December 9th, 2021",augue.ut.lacus@Curabitur.com,"vulputate, lacus. Cras interdum. Nunc sollicitudin commodo ipsum.",lorem. Donec
Gareth I. Frederick,"March 13th, 2021",erat.eget@luctusfelispurus.ca,tincidunt tempus,"placerat, orci lacus vestibulum lorem,"
Porter F. Mcguire,"August 12th, 2020",ultrices.Duis.volutpat@massa.com,facilisis. Suspendisse commodo tincidunt nibh. Phasellus nulla.,"malesuada ut, sem."
Solomon P. Simon,"January 22nd, 2022",augue.eu@Nuncsedorci.co.uk,"rhoncus. Nullam velit dui, semper et, lacinia","ut, pellentesque eget, dictum"
Maxine R. Mercer,"December 15th, 2021",Integer.sem.elit@semper.co.uk,aliquam adipiscing lacus. Ut nec urna et arcu,libero. Proin sed turpis nec mauris blandit mattis. Cras
Giselle I. Yates,"May 9th, 2022",id.mollis@tellus.ca,arcu et,magna. Ut tincidunt orci quis lectus. Nullam
Belle A. Owens,"October 3rd, 2021",Donec.est@inlobortistellus.ca,nunc sed pede. Cum sociis,Donec porttitor tellus
Bruce M. Hinton,"March 11th, 2022",Aenean.eget@lobortisquam.edu,"nec, cursus",quis arcu vel
Vance W. Snyder,"February 22nd, 2022",orci.luctus@arcuvelquam.net,"aliquet odio. Etiam ligula tortor, dictum eu, placerat","sit amet,"
Aretha U. Gross,"November 22nd, 2020",risus.odio.auctor@nisimagna.com,vitae risus.,magna. Cras convallis convallis dolor. Quisque tincidunt pede ac
Jarrod O. Mejia,"April 7th, 2021",lobortis@antelectusconvallis.edu,ultricies ligula. Nullam,"imperdiet nec, leo. Morbi neque tellus, imperdiet non, vestibulum nec,"
Hall X. Hall,"February 12th, 2022",lorem.Donec@vel.edu,"Nulla eget metus eu erat semper rutrum. Fusce dolor quam,",amet lorem semper auctor. Mauris
Chandler K. Miller,"October 29th, 2020",eget.metus.In@neccursusa.net,"eget, dictum placerat, augue. Sed molestie. Sed",neque. Morbi quis
Aiko K. Townsend,"December 23rd, 2021",non.egestas.a@habitant.ca,"non,",lectus pede
Jayme D. Collins,"March 18th, 2022",leo@sed.net,"laoreet ipsum. Curabitur consequat, lectus sit amet",sollicitudin orci sem eget massa. Suspendisse
Kylynn N. Cunningham,"December 28th, 2020",lectus.quis@in.net,"Duis cursus, diam at pretium aliquet, metus","Phasellus nulla. Integer vulputate, risus a ultricies adipiscing,"
Rhona Q. Welch,"July 1st, 2020",porttitor.interdum.Sed@ametdapibus.edu,interdum enim non nisi. Aenean eget,suscipit nonummy. Fusce fermentum fermentum arcu. Vestibulum
Cailin S. Lane,"March 29th, 2022",tempus.scelerisque.lorem@mus.co.uk,adipiscing lacus. Ut nec urna et arcu,amet
Irma O. England,"January 28th, 2021",neque.et@Maecenasliberoest.org,"eleifend egestas. Sed pharetra,","eu tellus. Phasellus elit pede, malesuada vel,"
Shay E. Lang,"September 22nd, 2020",Praesent.eu@egetvenenatis.ca,a tortor. Nunc commodo auctor velit. Aliquam nisl. Nulla eu,justo sit amet nulla. Donec non justo. Proin
Judith R. Bolton,"May 25th, 2021",non.sollicitudin.a@elit.co.uk,consequat purus.,aliquet magna a neque. Nullam ut nisi a odio
Raven E. Aguilar,"February 16th, 2022",porttitor.scelerisque.neque@pharetra.edu,hendrerit neque. In,imperdiet dictum magna. Ut tincidunt orci quis lectus. Nullam
Carla R. Hardin,"July 4th, 2020",sem@fermentumarcuVestibulum.ca,mus. Proin vel nisl. Quisque,vestibulum massa rutrum magna. Cras convallis convallis dolor.
Lucy W. Page,"August 4th, 2021",sed.pede@aliquam.ca,Sed eget lacus.,elit. Nulla facilisi. Sed neque. Sed
Chaney C. Allen,"November 12th, 2021",id.erat.Etiam@Quisque.org,mollis. Integer,eu augue porttitor interdum. Sed auctor
Hasad Z. Delaney,"August 5th, 2021",ornare.egestas.ligula@urnaUttincidunt.co.uk,"eget, volutpat ornare, facilisis eget, ipsum.",nunc id enim. Curabitur massa. Vestibulum accumsan
Jacqueline N. Donovan,"December 26th, 2020",egestas.Fusce@Proin.org,Cras interdum. Nunc sollicitudin commodo ipsum. Suspendisse non leo. Vivamus,Suspendisse eleifend. Cras
Kerry Q. Rios,"May 3rd, 2022",ridiculus@Donecconsectetuermauris.edu,"cursus. Nunc mauris elit, dictum eu, eleifend",orci
Sophia Y. Williams,"October 18th, 2021",nisl.Quisque.fringilla@faucibusorciluctus.com,"velit in aliquet lobortis, nisi nibh lacinia orci, consectetuer euismod","purus, in molestie tortor nibh sit amet orci. Ut sagittis"
Kirk S. Lamb,"February 7th, 2022",lacinia@semmollisdui.edu,"leo, in lobortis tellus justo sit amet nulla.",Aenean euismod mauris eu elit. Nulla facilisi.
Eagan Q. Rose,"February 13th, 2022",Mauris.blandit@fringillaest.ca,"Donec tempus, lorem","fringilla ornare placerat, orci lacus vestibulum lorem,"
Oleg F. Williams,"July 15th, 2021",dolor.Donec.fringilla@facilisis.edu,Donec at arcu. Vestibulum ante ipsum primis,ipsum. Donec sollicitudin adipiscing
Philip R. Burgess,"April 27th, 2022",imperdiet.ornare.In@ipsumac.ca,"tempor bibendum. Donec felis orci, adipiscing",eu
Briar D. Lee,"March 16th, 2022",malesuada@sem.com,gravida molestie arcu. Sed eu nibh vulputate mauris sagittis placerat.,mus. Proin vel
Sacha S. Pitts,"February 1st, 2022",adipiscing@Curabituregestasnunc.edu,Donec non justo. Proin,"ut aliquam iaculis, lacus pede"
Jena M. Greene,"September 21st, 2021",semper.erat@nequeNullamnisl.net,"semper, dui",Sed
Emerson P. Fleming,"December 8th, 2020",libero.Proin.sed@orci.co.uk,"in aliquet lobortis, nisi nibh lacinia orci, consectetuer euismod est","enim nisl elementum purus, accumsan interdum libero dui"
Paki B. Monroe,"January 14th, 2022",Aliquam.tincidunt@etmagnisdis.net,scelerisque,"ac mattis ornare, lectus ante dictum mi,"
Rafael E. Hewitt,"September 28th, 2021",at@cursus.net,"penatibus et magnis dis parturient montes,","dui. Fusce diam nunc, ullamcorper eu, euismod ac,"
Kaitlin I. Duncan,"September 16th, 2021",netus.et@vestibulummassa.co.uk,"adipiscing lobortis risus. In mi pede, nonummy ut, molestie in,",eu arcu. Morbi
Brennan L. Simon,"October 21st, 2021",risus.odio.auctor@pede.org,"dolor dapibus gravida. Aliquam tincidunt, nunc ac","nonummy ut, molestie in, tempus eu, ligula. Aenean euismod mauris"
Tatyana H. Calhoun,"May 1st, 2021",ac.sem.ut@lorem.net,Ut sagittis lobortis mauris. Suspendisse,arcu. Vestibulum ante ipsum primis in faucibus orci luctus et
Kelsie Q. Giles,"May 10th, 2021",dignissim.lacus.Aliquam@pede.edu,nec urna et arcu imperdiet,"pellentesque eget, dictum placerat, augue."
Dieter S. Pollard,"June 12th, 2021",pellentesque.massa@tellusjusto.edu,blandit. Nam nulla,dui. Cum sociis natoque penatibus et
Josiah I. Gibbs,"February 20th, 2022",sed.orci@suscipitest.net,volutpat. Nulla dignissim. Maecenas ornare egestas ligula. Nullam feugiat placerat,"Duis risus odio, auctor vitae, aliquet"
Russell O. White,"March 13th, 2021",ante.lectus.convallis@velsapienimperdiet.co.uk,commodo,"Quisque purus sapien,"
Brock B. Parks,"February 14th, 2021",fringilla@Curabiturmassa.com,amet massa. Quisque porttitor,"orci tincidunt adipiscing. Mauris molestie pharetra nibh. Aliquam ornare,"
Nash F. Wilkinson,"December 23rd, 2021",bibendum@blanditatnisi.org,arcu imperdiet ullamcorper. Duis at,"mi tempor lorem, eget mollis lectus"
Neville O. Grant,"December 17th, 2020",magnis.dis.parturient@lacusNulla.org,Mauris quis turpis vitae purus gravida sagittis. Duis gravida.,"Nunc ut erat. Sed nunc est, mollis non, cursus non,"
Arsenio P. Blevins,"March 12th, 2021",Lorem.ipsum@Donec.co.uk,Sed id risus quis,sagittis. Nullam vitae diam. Proin dolor. Nulla
Chandler O. Bennett,"November 18th, 2020",arcu.imperdiet@liberoInteger.com,magna. Sed eu eros. Nam consequat,"lorem, luctus ut, pellentesque eget, dictum"
Ivana R. Henderson,"May 4th, 2021",amet@mauris.net,arcu. Vestibulum ut,eget metus eu erat
Frances S. Lynn,"August 10th, 2021",blandit@ipsumprimisin.net,Maecenas,Cum sociis natoque penatibus
Kelsie W. Pickett,"May 8th, 2021",Mauris.quis.turpis@Duisgravida.co.uk,"ornare, elit elit fermentum risus, at fringilla purus mauris","nonummy ut,"
Hammett Y. Wise,"January 21st, 2022",Nunc.lectus@Infaucibus.net,sem ut,Nulla interdum. Curabitur
Hasad D. Dorsey,"April 24th, 2021",magna.Praesent@commodoat.ca,Fusce aliquet magna a neque. Nullam ut,odio. Nam interdum enim non nisi.
Jolene N. Herman,"April 25th, 2021",euismod.ac.fermentum@at.com,"nec, cursus a, enim. Suspendisse aliquet, sem","in, tempus eu,"
Yael E. Guzman,"April 21st, 2022",non.lacinia@eueleifend.co.uk,"at,","montes, nascetur ridiculus mus. Aenean eget"
Blaze P. Ortega,"July 19th, 2021",sem.consequat.nec@Nullasemper.edu,Ut nec urna et arcu imperdiet ullamcorper.,sit amet lorem semper auctor. Mauris
Hilary B. England,"May 20th, 2022",a@ornareFusce.com,"Suspendisse aliquet, sem","laoreet ipsum. Curabitur consequat, lectus sit"
Fatima B. Parker,"November 6th, 2021",molestie.dapibus@velit.ca,dolor. Nulla semper tellus id nunc,ultricies sem
Colin T. Pate,"April 20th, 2021",at.sem.molestie@etrutrum.ca,eu tempor erat neque non quam. Pellentesque,"molestie in, tempus eu, ligula. Aenean euismod mauris eu"
Gillian M. Hayes,"May 2nd, 2022",Nulla.facilisis@tempor.ca,nulla.,eros turpis non enim.
Kadeem V. Rivera,"March 27th, 2021",arcu.Vivamus@Nulla.ca,"dis parturient montes, nascetur ridiculus mus. Proin vel nisl. Quisque","amet,"
Quinn H. Hull,"October 21st, 2020",Sed.neque@etmalesuadafames.org,"malesuada id, erat. Etiam vestibulum massa rutrum magna. Cras",et netus et malesuada fames
Xyla K. Garrett,"July 24th, 2021",auctor.vitae.aliquet@idante.net,aliquet odio. Etiam,euismod enim. Etiam gravida
Aiko N. Brooks,"August 21st, 2020",dui.Cum.sociis@orciDonecnibh.edu,quam quis diam. Pellentesque habitant morbi tristique senectus et,"hendrerit. Donec porttitor tellus non magna. Nam ligula elit, pretium"
Yvette E. Clayton,"May 31st, 2021",arcu@consequat.net,diam. Proin dolor. Nulla semper,"hendrerit. Donec porttitor tellus non magna. Nam ligula elit,"
Elton A. Acevedo,"October 31st, 2020",urna@quispedeSuspendisse.com,"posuere, enim nisl elementum purus,","Donec elementum, lorem"
Palmer W. Carrillo,"February 6th, 2021",dapibus@estvitae.co.uk,orci. Donec nibh.,"nonummy ac, feugiat non,"
Alexis M. Garner,"February 8th, 2021",sit.amet.faucibus@Aliquamultrices.ca,elit erat vitae risus. Duis a mi fringilla,"consectetuer adipiscing elit. Aliquam auctor, velit"