Name,Date,PIN,Mail,Cash
Owen P. Walker,09.08.21,928,faucibus.orci@sedpedenec.co.uk,"€3,881"
Uriel X. Mercado,30.10.21,553,eget@enim.org,"€38,054"
Mason D. Osborne,21.10.21,880,neque.Sed.eget@orciluctuset.org,"€144,051"
Martina F. Coleman,14.11.21,939,Ut@Duis.org,"€55,697"
Ignacia F. Chambers,02.07.20,454,tincidunt.neque@amet.edu,"€154,280"
Dai W. Pratt,31.07.20,3,Pellentesque.tincidunt.tempus@nonummyFuscefermentum.co.uk,"€144,879"
Karen M. Watts,30.08.20,337,montes.nascetur@ultricies.edu,"€184,633"
Isaac G. Knox,10.12.21,426,est@auctorquistristique.ca,"€189,832"
Nicholas B. Morin,08.01.21,69,ac@Fusce.edu,"€42,043"
Alden N. Marks,11.08.20,337,semper@vulputatemauris.net,"€129,542"
Kaye Y. Bolton,29.07.20,964,quis.tristique.ac@maurisMorbinon.com,"€116,300"
Hilel S. Little,29.08.20,626,nec.ante.Maecenas@lacusvestibulum.net,"€183,863"
Ayanna J. Hanson,30.09.21,38,hendrerit.a.arcu@euneque.net,"€169,793"
Marcia H. Bryant,02.05.21,139,auctor.Mauris.vel@hendrerit.ca,"€2,104"
Cody T. Sloan,08.06.21,770,libero.lacus.varius@Crasinterdum.ca,"€61,477"
Armand D. Collier,26.08.21,682,odio.Nam@imperdiet.edu,"€179,962"
Omar G. Mcgee,12.12.21,285,posuere.cubilia.Curae@magnaSuspendisse.ca,"€197,287"
Honorato I. Douglas,25.09.20,660,vel.arcu@ullamcorperDuiscursus.org,"€159,897"
Donna U. Webb,18.12.20,38,quis.pede.Suspendisse@Phasellusataugue.ca,"€72,107"
Zena Z. Cannon,04.03.22,344,eu.tempor@tellusAenean.org,"€84,424"
Yvonne D. Henry,18.11.21,853,blandit.congue@nonummy.co.uk,"€135,891"
Ira D. Giles,01.02.21,182,nisi.dictum@at.ca,"€122,966"
Jaden S. Hartman,19.11.20,332,in@elit.edu,"€147,382"
Rhea K. Potter,03.09.21,136,volutpat@dapibusgravida.org,"€65,095"
Chase L. Boyd,11.02.21,695,tempus.non.lacinia@libero.edu,"€32,886"
Elvis O. Snow,27.06.21,942,augue@Integervulputate.net,"€195,178"
Doris H. King,20.03.21,750,aliquet.vel.vulputate@arcuvelquam.net,"€182,193"
Hanae G. Pacheco,17.04.22,764,vel.turpis@volutpat.edu,"€106,368"
Gabriel E. Acevedo,20.04.21,826,tempor.arcu.Vestibulum@Quisquetinciduntpede.edu,"€167,245"
Hector S. Marquez,03.06.21,630,adipiscing@utmolestie.org,"€178,278"
Roary X. Sanford,20.03.21,860,sed.consequat.auctor@elit.edu,"€121,859"
Rama T. Brennan,08.07.20,522,imperdiet.dictum.magna@ametluctus.edu,"€48,252"
Seth H. Weber,22.01.21,89,Duis.ac.arcu@pede.com,"€167,709"
Leroy E. Barker,17.09.21,594,amet@estvitaesodales.co.uk,"€147,809"
Preston L. Walters,03.03.21,252,odio@placeratorcilacus.ca,"€184,794"
Barbara M. Crane,14.07.20,922,egestas.Aliquam.fringilla@eutemporerat.org,"€78,843"
Uriah F. Armstrong,27.12.20,837,aliquet@nuncsitamet.ca,"€180,314"
Merritt U. Patton,20.07.21,242,Cum.sociis.natoque@odioPhasellus.net,"€78,506"
Savannah S. Zamora,22.04.22,577,neque@facilisisloremtristique.org,"€186,367"
Larissa Y. Harrison,06.10.20,593,non.dapibus@erosnonenim.ca,"€32,251"
Emerald W. Hancock,28.04.22,980,Morbi.accumsan.laoreet@liberodui.co.uk,"€170,343"
Chaney W. Mann,15.09.20,964,eros@necluctus.net,"€114,225"
Francis J. Pitts,11.10.21,14,orci@metusInlorem.org,"€111,474"
Hashim A. Weeks,16.02.22,390,ac.feugiat.non@placeratorcilacus.edu,"€91,750"
Dominic P. Battle,25.08.21,179,Fusce.diam.nunc@loremegetmollis.org,"€102,259"
Lane T. Weber,17.05.22,563,nulla.ante.iaculis@a.net,"€109,688"
Mufutau G. Butler,20.05.21,53,Mauris.magna@etmagnisdis.com,"€138,020"
Illiana T. Jones,01.09.21,381,tortor.Integer.aliquam@liberoMorbi.edu,"€8,168"
Karina B. Estrada,13.09.20,863,elit@neque.net,"€127,974"
Gareth Q. Dennis,29.10.20,220,auctor.velit.eget@pedeSuspendisse.ca,"€7,779"
Rajah X. Travis,25.08.20,342,lectus@vel.edu,"€107,923"
Kibo V. Mejia,07.10.21,443,lorem.auctor.quis@Loremipsumdolor.com,"€52,075"
Martena Y. Holder,09.07.20,608,eget@enimmi.net,"€59,804"
Elijah R. Payne,13.08.21,311,Integer@scelerisquedui.net,"€115,697"
Brendan V. Mccarthy,05.03.22,582,et.rutrum.eu@Aliquamnec.com,"€146,540"
Pamela D. Ellison,08.11.21,915,Cum.sociis@ipsum.edu,"€58,797"
Abdul C. Harrell,22.04.21,855,nibh@sedfacilisisvitae.edu,"€33,880"
Drake U. Bean,20.10.21,885,dolor.sit@Duis.org,"€134,745"
Jacob V. Wynn,14.03.22,199,quam.vel.sapien@elitpharetra.ca,"€9,105"
Kasimir B. Odonnell,23.09.20,953,est@sodales.co.uk,"€61,078"
Daniel A. Walker,07.04.21,772,diam@semperduilectus.edu,"€15,917"
Blair C. Griffin,15.11.21,446,orci.Ut@Maecenasornareegestas.net,"€48,574"
Coby X. Martinez,08.10.21,172,tellus.faucibus.leo@faucibusleo.ca,"€162,681"
Jared V. Jefferson,19.04.21,528,porttitor.interdum@egestas.org,"€120,252"
Isaac E. Ayala,12.12.21,716,amet.ante@ullamcorpereu.com,"€105,657"
Julian E. Montoya,20.12.21,772,sapien@eu.ca,"€105,959"
Rhiannon Z. Hughes,31.05.21,200,Quisque@id.com,"€54,790"
Freya O. Curry,05.10.20,709,auctor.Mauris@eu.edu,"€70,052"
Otto M. Wise,28.04.22,59,Donec@Craseutellus.com,"€147,134"
Kareem D. Workman,27.06.20,483,molestie.arcu.Sed@neceuismodin.org,"€112,334"
Alfonso F. Ruiz,17.10.21,864,sit@sitamet.org,"€17,380"
Gregory I. Ruiz,10.10.21,625,diam@cursusetmagna.net,"€121,377"
Talon V. Ferguson,01.03.21,891,risus@vitae.co.uk,"€21,358"
Derek X. Moody,05.10.20,897,convallis@Nuncsed.net,"€66,756"
Odessa P. Griffith,31.10.21,954,Morbi.vehicula.Pellentesque@in.net,"€125,347"
Whitney H. Carter,08.02.21,15,Integer.vitae@sitamet.com,"€1,100"
Jameson D. West,16.09.20,342,nec.orci@Aenean.net,"€173,681"
Maggie F. Sherman,15.02.21,983,Donec@Etiamgravida.net,"€126,855"
Risa L. Fuller,30.03.21,609,nec.quam.Curabitur@diam.com,"€90,681"
Adrienne T. Cain,23.12.21,660,diam.at.pretium@velmaurisInteger.edu,"€70,063"
Hyatt T. Sanford,08.09.21,279,auctor.velit.Aliquam@justoProin.edu,"€116,295"
Jocelyn D. Koch,22.07.21,808,lacus.varius.et@et.co.uk,"€61,232"
Allen K. Wynn,31.01.22,732,euismod.enim@arcu.ca,"€61,263"
Declan D. Cox,11.01.22,82,non.enim.commodo@ametdiameu.co.uk,"€78,566"
Gil M. Stephens,18.03.21,521,eu@Utsemper.net,"€55,031"
Yasir A. Justice,03.12.20,542,tempus.risus.Donec@Donecfelis.net,"€186,051"
Tad Z. Chan,30.03.22,959,ante.ipsum@nonleoVivamus.ca,"€56,918"
Savannah S. Cotton,24.06.20,62,amet@idsapienCras.edu,"€19,319"
Jessica U. Cruz,26.11.20,329,Lorem@sitametdiam.edu,"€155,165"
Kellie T. Graham,03.02.21,632,Curabitur@tristiquesenectus.org,"€97,801"
Holly D. Valencia,25.11.20,170,vel@velit.net,"€58,692"
Meghan Y. William,24.05.21,455,Aliquam@gravidamaurisut.org,"€174,686"
Shad V. Henry,11.03.21,997,blandit@dictumultricies.net,"€118,465"
Lucas S. Spears,05.12.21,93,nec.ante@etnetuset.ca,"€94,566"
Warren U. Farmer,23.01.22,967,gravida@ipsum.co.uk,"€197,794"
Morgan U. Allen,19.05.22,758,malesuada.Integer@Duissit.edu,"€34,588"
Claudia F. Holmes,17.10.20,843,libero.est@utpharetrased.co.uk,"€34,507"
Natalie N. Delaney,15.01.22,563,semper@Integerinmagna.edu,"€96,002"
Keefe A. Cardenas,05.11.20,787,vel.convallis@egestasFusce.org,"€51,873"
Bruce J. Mendez,06.02.22,440,quam.Pellentesque.habitant@liberoProinsed.com,"€115,529"
Tasha D. Barnes,12.07.21,303,ac.feugiat@gravida.ca,"€174,094"
Owen S. Sanchez,14.02.22,411,a.enim.Suspendisse@antedictumcursus.edu,"€84,004"
Zachery D. Howard,23.06.20,409,vitae.mauris@justosit.org,"€26,512"
Unity X. Rose,11.11.20,899,et@dictumPhasellusin.ca,"€49,994"
Coby H. Brown,18.02.21,102,sodales.elit.erat@elit.org,"€189,904"
Gavin C. Knapp,12.12.21,853,diam.lorem.auctor@augueeutellus.edu,"€47,414"
Eve C. Frost,10.10.21,936,molestie.pharetra@magnaPraesentinterdum.com,"€49,732"
Jennifer Q. Deleon,30.05.21,580,sed@Vivamuseuismodurna.edu,"€59,699"
Jelani V. Mullins,05.04.22,13,auctor@magnased.net,"€42,555"
Ignatius K. Stein,13.06.20,394,amet.consectetuer.adipiscing@hendrerit.edu,"€174,160"
Alexa L. Dickson,23.05.21,733,congue.elit@ametrisus.org,"€78,449"
Tamekah I. Faulkner,13.12.20,255,arcu.Vestibulum.ut@accumsan.co.uk,"€123,544"
Carl F. Jacobson,23.03.22,587,ligula.consectetuer@ridiculus.com,"€34,110"
Lamar H. Hudson,02.02.22,914,turpis@Morbi.com,"€180,320"
Jorden S. Miles,29.03.22,866,convallis.convallis.dolor@Sed.com,"€193,459"
Cadman J. Waller,29.07.21,864,egestas.hendrerit@odio.co.uk,"€112,362"
Carl C. Mathews,27.01.21,161,convallis.dolor.Quisque@ultricesmauris.com,"€79,251"
Ryan P. Silva,15.04.22,333,amet.luctus.vulputate@Donecfelisorci.org,"€112,861"
Clarke C. Joseph,10.11.21,991,ultrices@AliquamnislNulla.com,"€87,376"
Xerxes M. Frank,31.12.20,523,Nulla.dignissim.Maecenas@adipiscingfringilla.ca,"€72,538"
Camilla U. King,31.07.21,866,ac.arcu.Nunc@accumsanlaoreet.co.uk,"€44,308"
Jorden I. Fitzpatrick,13.05.21,830,tincidunt.vehicula@SedmolestieSed.com,"€155,563"
Caesar H. Kramer,17.09.20,965,diam.lorem@Crassed.net,"€89,077"
Harding C. Frank,26.08.21,782,mauris@lobortis.com,"€76,063"
Joan U. Waters,16.10.21,775,semper.egestas@eleifendnunc.co.uk,"€162,564"
Bruce F. Ortega,31.03.22,342,arcu.Nunc@magnis.ca,"€15,438"
Kieran P. Chandler,15.10.21,338,Sed@gravida.org,"€183,189"
Jemima V. Henderson,25.03.21,597,sem.mollis.dui@risus.org,"€6,612"
Sacha N. Vaughn,06.09.20,648,iaculis@nascetur.org,"€190,312"
Alden R. Hawkins,20.03.22,477,diam.dictum@scelerisquemollisPhasellus.co.uk,"€129,581"
Ila X. Gallagher,10.10.21,842,lacus.vestibulum@tellus.com,"€14,336"
Coby D. Horne,14.04.21,569,aptent@ipsumPhasellusvitae.org,"€66,201"
Kai P. Harrington,23.05.22,564,turpis@vel.net,"€53,745"
Kalia E. Mclaughlin,19.01.22,828,diam.Proin.dolor@dolor.ca,"€140,154"
Roanna F. Fletcher,20.10.20,293,fringilla.est.Mauris@Namtempor.edu,"€65,981"
Branden I. Morse,23.09.21,203,eu.nibh.vulputate@duiFusce.ca,"€35,440"
Laura K. Paul,14.01.22,336,non.enim.commodo@aliquam.co.uk,"€76,432"
Maris I. Bradford,06.11.21,735,amet.orci@enimEtiam.ca,"€59,881"
Casey Q. Gross,14.02.21,31,urna.nec@sitamet.com,"€61,031"
Gary W. Curry,15.02.22,334,Sed.molestie@velsapienimperdiet.org,"€19,432"
Renee S. Gutierrez,30.09.20,953,nibh.sit@enimcommodo.org,"€54,383"
Donovan Y. Donaldson,27.09.21,612,velit.Cras.lorem@mifringilla.co.uk,"€65,533"
Channing O. Nolan,11.11.20,211,Nulla.tempor.augue@dapibusquamquis.co.uk,"€157,496"
Lysandra R. Stein,06.09.21,220,et.rutrum@aliquet.edu,"€177,218"
Bethany R. Branch,07.08.20,492,Duis.risus.odio@scelerisquescelerisquedui.edu,"€133,386"
Teagan O. Robles,09.04.21,98,Suspendisse.tristique.neque@elitelit.ca,"€77,594"
Patience V. Sawyer,19.07.21,469,Aliquam.nisl.Nulla@Nuncac.net,"€99,211"
Tanek N. Guy,08.02.22,662,aliquet.nec.imperdiet@nibhAliquamornare.co.uk,"€50,324"
Sybil R. Maynard,01.07.21,583,Praesent.eu.nulla@dolorDonecfringilla.edu,"€64,149"
Craig K. Reese,23.05.22,243,dui.Suspendisse.ac@nislNulla.ca,"€183,965"
Madaline U. Buck,13.04.22,579,lacus@ipsumdolorsit.com,"€175,699"
Reese M. Ayala,23.06.21,743,lectus.justo.eu@nisl.ca,"€114,340"
Ralph T. Guerrero,03.05.22,940,ante@nibh.net,"€168,830"
Echo D. Washington,13.05.22,387,Donec.est@Maurisquis.co.uk,"€100,114"
Lucas E. Singleton,04.03.22,121,tortor.at@vel.edu,"€58,159"
Madeline W. Baldwin,18.10.21,80,tincidunt.adipiscing.Mauris@arcuNunc.ca,"€111,853"
Josephine V. Sanford,29.01.22,499,a@Quisquepurussapien.co.uk,"€60,979"
Yoshio F. Patton,22.03.22,787,posuere.cubilia.Curae@arcuNuncmauris.net,"€47,137"
Kadeem C. Blackburn,06.11.21,530,a.enim.Suspendisse@Maecenasliberoest.edu,"€90,502"
Tashya B. Clay,02.08.20,376,mus@augueporttitorinterdum.edu,"€70,240"
Lee S. Schmidt,21.05.21,975,facilisis@dui.edu,"€114,665"
Barry Z. Barron,27.12.21,37,imperdiet.ullamcorper.Duis@ullamcorpereueuismod.org,"€31,467"
Gary H. Casey,22.10.20,618,posuere.vulputate@Vivamusrhoncus.net,"€151,904"
Penelope K. Solomon,11.01.21,319,vestibulum.Mauris@nisimagnased.org,"€13,405"
Zachery S. Marquez,14.12.20,183,ligula.Aenean.euismod@consequat.co.uk,"€52,588"
Anne T. Ray,12.07.20,420,sociosqu.ad@egestasDuisac.org,"€39,657"
Marvin Z. Arnold,23.01.22,827,parturient.montes@orci.co.uk,"€13,262"
Jameson U. Mcfarland,03.07.21,531,dolor@natoquepenatibus.org,"€166,855"
Harper X. Guzman,01.05.22,774,id.ante.dictum@Nullamut.com,"€71,086"
Sandra O. Atkins,06.06.22,377,cursus@diamloremauctor.net,"€183,138"
Naomi K. Wolf,14.09.21,492,lorem.lorem@natoque.co.uk,"€141,430"
Hasad D. Hamilton,10.01.21,363,eleifend.Cras.sed@sollicitudinadipiscing.co.uk,"€159,301"
Alyssa Y. Austin,17.08.20,123,metus.facilisis@velitQuisque.net,"€146,609"
George T. Weber,29.08.20,707,Fusce.mollis@auctorodio.org,"€25,155"
Caleb D. Levy,27.03.22,343,tempus.lorem.fringilla@purus.ca,"€88,817"
Nehru Q. Nguyen,20.01.22,372,mauris.sagittis@ullamcorper.co.uk,"€130,879"
Allegra D. Decker,26.03.22,946,Nulla.tempor.augue@euismodindolor.edu,"€25,025"
Lev R. Francis,19.01.22,583,gravida@sedturpis.org,"€84,036"
Kerry Y. Calderon,26.02.22,610,congue.elit.sed@ridiculusmusProin.co.uk,"€30,918"
Jolie X. Wong,29.12.20,490,ultricies@ametdapibusid.co.uk,"€7,349"
Vanna E. Wolfe,09.10.20,214,Curae.Donec.tincidunt@Innecorci.ca,"€150,170"
Mannix P. Wilkins,06.07.21,155,felis.Nulla@dapibus.co.uk,"€15,402"
Vaughan T. Nichols,07.11.21,319,lobortis@amalesuadaid.ca,"€107,927"
Lionel Z. Oneill,21.10.20,556,Vivamus.rhoncus@pedenecante.net,"€193,978"
Aristotle H. Massey,17.02.22,606,amet@cursuspurusNullam.ca,"€56,630"
Darryl U. Pena,13.01.21,639,sed@Pellentesquetincidunttempus.org,"€145,952"
Yoko E. Mayo,11.06.21,136,sit.amet@aliquetdiam.ca,"€47,128"
Amaya U. Dickerson,09.04.21,303,Aliquam@tinciduntvehicula.com,"€165,527"
Kimberley L. Pacheco,21.02.21,374,semper@luctus.com,"€120,068"
Phillip M. Castaneda,25.07.21,89,et.malesuada.fames@nequesed.net,"€76,438"
Guinevere O. Baird,25.04.22,67,Quisque@consectetuer.edu,"€22,828"
Aurelia E. Sears,31.08.21,588,est@montesnasceturridiculus.ca,"€143,141"
Tashya U. Campos,21.11.21,993,dolor.Nulla.semper@tempuslorem.org,"€0,673"
Eden R. Mcclain,24.08.21,585,a@Donecconsectetuer.co.uk,"€153,141"
Sade G. Collins,14.08.20,2,justo.Proin.non@euismod.ca,"€107,237"
Gwendolyn E. Finley,15.10.20,263,sodales.Mauris@fringillaDonecfeugiat.edu,"€106,887"
Mari A. Finley,03.05.22,18,semper.rutrum@aliquetliberoInteger.com,"€30,731"
Gray W. Sexton,15.09.21,139,sit.amet@adipiscing.edu,"€65,372"
Neve B. Mendoza,13.09.21,229,diam.Pellentesque@Integerid.co.uk,"€108,421"
Peter Y. Carey,09.09.21,853,consectetuer.euismod@lobortismauris.net,"€163,625"
